subject,timestamp,q01,q02,q03,q04,q05,q6,q07,q08,q09,q10,q11,q12,q13,q14,q15,q16,q17,q18,q19,q20,q21,q22,q23,q24,q25,q26,q27,q28,q29,q30,q31,q32,q33,q34,q35,q36,q37,q38,q39,q40,q41
s1,2007-04-26 12:11:38,3,3,2,1,2,4,4,3,2,4,2,4,2,4,4,4,4,2,2,4,3,4,2,4,4,3,3,4,4,4,3,4,4,4,4,now i know its a large part of computer software,"online resources, past examples",,web cat gave back solid feedback which i was able to use to make my programs more efficient,its can be hard to improve upon the suggestions of webcat,have more examples of the ideas and testing we use in the programs
s2,2007-04-26 12:38:39,4,3,4,3,4,4,3,4,3,4,3,4,3,4,4,3,4,4,3,4,3,4,4,4,5,4,4,3,3,4,4,3,2,4,4,It has showed me better methods for testing.,the object bench in BlueJ is a good feature.,The recording tool causes more problems then believed.,Web-CAT forces efficient programming over brute force.,Web-CAT is very picky.,none
s3,2007-04-26 12:45:02,4,4,5,3,4,2,4,4,3,5,2,2,2,4,2,3,1,2,4,4,4,5,5,4,4,4,3,1,4,4,3,4,1,5,5,I look for more subtle attributes of the classes and programs I write.,,,"Web-CAT was able to determine whether or not tests were complete, also it was able to find many logic errors in programs.",Web-CAT was too picky about certain things such as alignment and commented syntax.,More thorough explanation of labs and projects.
s4,2007-04-26 12:49:31,1,5,5,3,5,4,4,5,4,3,3,2,4,5,1,1,4,2,4,2,4,4,4,4,4,2,2,2,4,4,1,1,1,3,3,It has made me realize that testing is very important in ensuring the correctness of a program.,Being able to test for type of shape and for color.,"There needs to be a way to test the size of shapes, not just that there is a shape.","Web-CAT is a great way to tell how correct a program is, and that it follows project specifications like it should.","Hints are often too vague. It tells that there is something wrong with a part of the program, which is  usually enough, but sometimes it is not clear why it is incorrect and what kind of behavior this feature should have.","So suggestions, it's fine the way it is."
s5,2007-04-26 13:20:21,3,4,4,3,3,4,2,3,3,4,3,2,4,4,4,3,1,4,3,3,4,4,3,3,3,3,3,3,3,3,3,3,3,3,3,,,,,,
s6,2007-04-26 13:23:47,5,3,3,2,4,3,4,3,2,4,2,4,3,4,5,5,3,2,3,4,2,1,3,4,4,4,4,3,4,4,4,4,4,4,4,"This has made me realize how important test cases are, but they can be very frustrating.",,,,,
s7,2007-04-26 13:32:32,4,2,3,2,2,4,2,3,4,3,4,3,2,4,4,4,4,3,2,4,3,4,4,4,3,4,3,2,2,3,4,4,2,4,4,,,,,,
s8,2007-04-26 14:09:52,3,5,5,3,5,4,5,5,2,5,4,3,5,5,1,4,5,1,5,3,5,5,5,5,5,5,2,2,3,4,2,2,1,4,4,It has introduced me to the concept of testing through test classes as opposed to by hand.,"They were fairly comprehensive, and could do most, if not all, of the things I wanted.",Sometimes the error messages were not specific enough to make my error easy to locate.,It allowed me to make sure my program worked before submitting it.,There were really no disadvantages to TDD or Web-CAT.,"I would prefer to use Eclipse over BlueJ, but I think that is a matter of personal preference."
s9,2007-04-26 14:10:09,3,4,4,2,3,5,4,3,3,3,,3,2,4,4,4,3,2,4,3,4,3,4,4,4,5,3,3,4,4,3,3,2,4,4,Made me think testing computer software is very important.  Made me think testing computer software is almost always necessary.,"Recording my test actions using BlueJ was useful for a little while, until I figured out how to correctly write tests in Java by hand.",Nothing.,"I found the speed of the grading using Web-CAT to be useful, usually did not have to wait longer than 1 minute to receive grade.","Sometimes could not understand what Web-CAT was trying to tell me, sometime Web-CAT's grading seemed arbitrary.",No.
s10,2007-04-26 14:10:56,5,4,5,2,3,5,4,4,4,4,4,3,3,4,4,4,2,3,4,4,4,4,4,2,3,4,4,2,2,4,2,2,2,5,5,"Prior to this class I had little knowledge on testing software, so I guess this exposed me to a lot of new areas in programming.",,,"Well, I suppose using Web-CAT made us complete the assignment 100%, if we could, but it also made programming assignments much more tedious.",Seemed like I had to take back creative aspects of programming and had to follow a linear approach to cover everything I needed to with Web-CAT.,"The programming assignments are considerably more difficult and vague compared to the labs.  The labs have a step by step process in which we could follow, where as the programming assignments hardly had any directions at all."
s11,2007-04-26 14:15:10,2,5,5,2,4,4,4,4,4,4,3,2,4,5,4,4,5,2,5,2,5,5,5,5,4,4,2,2,2,4,5,5,5,5,5,"Well, I have learned that testing is essential to programming.  I would think that my code was perfect, but then I submit to web cat without tests and see a low score.  Once I created the tests for my code, I would easily find my mistakes.  Depending on what software it is, it could mean life/death or a LOT of money.","Well, the assert locations or colors are certain places gave me the ability to make sure my pixels weren't off from what the naked eye would show me.  I could also see if the right objects moved to the right places.",Some of them you had to manipulate.  I often found myself wondering sometimes if I were actually testing anything at all.  I also would sometimes stop testing if Web-Cat was happy with what I had sent it.,"Well, I found many many more problems with my code than what I would have ever noticed.  I wish for everything I would ever submit I would have my own personal Web-Cat checking over me.  It would catch little things such as the name or date, and also tell me what is an improper way to code.  I think that this is very important for the real world of coding, not to mention a bit easier on the TA's that have to grade them.","Sometimes the hints could have been a little bit better, but I cannot expect perfection out of such a tool.  I am just thankful that we have something like this.","Well, sometimes I think that the assignments could have been a little more exciting.  For the most part they kept my attention, but it is the fun programs that actually keep me at the computer coding until I am satisfied."
s12,2007-04-26 14:15:10,3,4,4,3,4,4,4,4,4,3,4,2,3,4,3,4,2,2,4,4,4,4,4,3,3,3,4,2,4,3,4,2,1,3,3,Testing is valuable to the software design process.,The tools gave you a list of tests and told you the correct syntax for each.  Using this you could then write the tests by hand.,,Using TDD makes you more confident that the code you wrote works.,"Web-Cat wasn't very helpful when it came to low program coverage scores.  For example tiny differences (such as an extra space in a phrase) could cause an entire section of testing to fail on web-cat, even if the code worked properly.",Improve the feedback Web-Cat gives.
s13,2007-04-26 14:15:37,3,5,5,2,5,5,5,3,5,5,3,3,4,5,4,4,5,1,5,3,5,5,5,4,4,4,3,,5,5,2,1,2,3,2,"It showed that automated testing was faster, easier to repeat, and sometimes more thorough. Definitely worth the extra trouble.",assertions were the only thing used most of the time.,,Confidence in correctness.,"Points off for CLOSE spacing errors. Incredibly frustrating and not even remotely helpful, especially when copying code off the assignment page accidentally leaves everything off by a single space.","Provide extensive example code when introducing TDD, it would definitely make the process more understandable."
s14,2007-04-26 14:50:12,2,,4,3,4,5,4,2,5,5,4,2,3,4,4,4,1,1,1,2,3,4,4,3,4,3,1,2,1,2,5,5,4,5,5,It gave me a better outlook on how important and tedious TDD is.,"The Object Bench, for sure.",,They helped me find and correct many errors in both coverage and style.,"Web-CAT can be way too picky at times and sometimes, rarely, can make no sense in what it wants you to correct.",maybe use Eclipse instead of BlueJ
s15,2007-04-26 16:17:35,2,4,4,3,4,4,4,4,4,3,2,3,4,4,3,3,4,2,4,3,4,4,4,4,3,4,3,2,2,4,4,4,2,4,3,"It has shown me the importance of testing each piece of code. The more precise the tests you create are, the less bugs your code will contain and you will get better scores on programs.",,,I like using web-CAT because we get multiple submissions and it gives hints at what is wrong with our code.,,
s16,2007-04-26 17:12:18,3,3,2,2,3,4,4,4,5,5,4,5,1,4,4,5,2,2,2,5,4,5,2,2,2,2,4,4,5,5,5,5,1,5,5,"I now think more into actually the usefulness.  Like, being able to test things gives you help on finding small bugs.","They test position mostly, just testing where you expect something makes you a better programmer learning where yhou make mistakes.","The ability to record taught me how to tes in the first place, without that ability I woud not have undestood the testing procedure.",webcat makes you code everythign very by the book instead of using more creativity.,You focus more on appealing to webcat and tdd then actually thinkign about how to fix the code on your own.,some of the labs took longer then expected.  shorten some of them.
s17,2007-04-26 17:17:56,3,4,3,2,4,4,4,4,4,4,4,2,3,2,4,2,4,3,4,2,4,2,5,3,2,2,2,1,4,2,4,5,4,5,5,"I think, personally, I find myself examining how software works much more often than I ever had before.  I often find myself examining how a piece of software or the coding behind some computer technology works, dissecting it mentally and putting together each little piece until I see the final whole that I'm looking at.  In term of testing, I found that testing, although rather tedious, does produce results that are very helpful in terms of debugging.",I think the most valuable tool in this course that aided in testing GUI programs was BlueJ's object bench and test recording features.,"I did not find anything ""least valuable or useful"" to be honest.","I found the instant, if not always quick, response using Web-CAT to be extremely useful in debugging and coding our programs.",The extremely picky and selectiveness of Web-CAT's grading was extremely tedious and even just annoying at times.,I think more emphasis should be placed on whether or not the programming assignment requires the student to explore the API on their own or if the required knowledge could be found in lecture and lesson texts.
s18,2007-04-26 17:30:03,3,4,4,4,4,5,4,3,5,5,5,3,3,,5,4,4,3,3,4,4,4,3,4,4,4,4,3,4,4,4,3,3,3,4,"It taught me what testing is in the first place. It taught me how to write testing code, where we have to check all the possible scenarios.","They had good test methods, but it was little tedious to calculate and find the right coordinates.",N/A,"Testing helped us make the program, so that it works as it is supposed to. Lot of times, if there is an assignment, we can get the output by using different methods, sometimes missing some important stuff in the specs. TDD helped us find them out.",The class format didn't help us. Like we didn't start out knowing about testing. And in the lecture part they didn't teach us about how web-cat works. We had to learn about web-cat by working on our labs and programs.,"No, the programming part of the class was easy. At times a little tedious."
s19,2007-04-26 17:42:33,4,4,4,1,3,5,5,4,4,4,4,3,3,5,3,4,3,3,4,4,5,5,3,3,3,4,3,4,3,2,3,2,2,5,5,"Testing has helped me in the sense that since we began using TDD, I can now sit back and think about possible ways that my code can be cracked or fail while I am writing the code.  So I try to debug the code as I write it to avoid errors.","Before I had a lot of experience with testing, using the test recording feature to test GUI programs was very helpful.",The fact that there were so many assertions and methods whos purpose I didn't understand,The most useful thing about using Web-CAT was that it showed you how you could improve your program and made sure that your code was formatted correctly.,The hints are sometimes hard to understand.,I would recommend having a section of the class at the very beginning where you go over testing as opposed to just throwing students into something that they didn't have any prior experience with.
s20,2007-04-26 17:53:55,2,4,4,2,5,4,4,4,2,5,,2,4,5,3,3,4,4,2,2,5,4,3,3,3,4,3,2,4,2,3,3,3,4,4,,,,,,
s21,2007-04-27 08:58:13,4,3,4,2,4,4,3,5,4,5,2,3,3,4,3,3,4,4,3,3,4,5,3,4,4,4,3,3,2,3,4,4,4,4,3,"This class has made it evident that testing is an important part of development, and that even with extensive tests, bugs can still occur.","The BlueJ object bench and test recording features were very useful in testing the GUI programs, because it was easier to see what behavior was being performed before the test was run.",None,"Using TDD in this course, although it slowed me down in the actual coding process, actually made my programming time easier. Usually it isolated the problem and made my errors easier to solve.","I find that writing code to test my own code, I sometimes get less benefit out of TDD than I would if someone else was writing the test code. Web-CAT's hints were sometimes not very helpful.",None
s22,2007-04-27 09:12:13,2,4,5,3,4,3,5,3,3,2,2,2,5,5,1,3,5,3,5,3,4,4,4,4,4,3,3,2,2,3,3,4,5,5,5,It has shown me how effective testing can be.,,,Web-CAT is very helpful and makes the grading process much more understandable and convenient.,,
s23,2007-04-27 09:13:32,4,4,4,4,5,4,,4,3,3,4,2,4,2,4,4,4,4,3,3,4,4,4,2,3,3,3,4,4,4,4,3,3,3,3,It's a lot of work!,Rules and regulations that applies to all programing tools.,"Make life a lot easier by using the tools to test GUI programs, reduce the risk of having errors in our program.","Reduce the time to found out our error ""again and again.""","Fast loading time, able to resubmit many times without complain :)",no
s24,2007-04-27 09:20:40,4,5,4,2,4,5,4,4,2,4,,4,3,4,4,4,4,4,4,4,4,5,5,4,4,4,3,4,4,5,2,2,2,4,4,Even though testing is tedious I now see that testing software is a necessary part when programming so that we have fewer errors that could have otherwise been avoided.,I found the ability to look at the interface of a class and see its API was very useful in being able to test GUI programs.,I found the recording feature least useful.,"Using webcat, the feedback on what needed to be tested was very useful in being able to complete all tests to maximize code coverage.","I found the limited scope as to what you could name your classes, methods, etc. was the least valuable aspect of webcat.",no
s25,2007-04-27 11:42:47,3,3,3,3,4,4,4,4,3,3,3,2,4,4,3,3,4,3,3,3,3,4,4,3,2,3,3,2,2,3,4,3,3,5,5,It actually introduced me to the concept entirely.,Syntax and ways about going testing I found most useful.,The recording feature with BlueJ was interesting at first as I was just starting out but gradually became cumbersome.,Web-CAT was a good way to gauge how a program was coming along and tested much more than I would think to test or explore at times.,Web-CAT also had its downsides in that sometimes a program would work as intended but Web-CAT would find very picky things that would drastically decrease from your grade.  It would be very frustrating at times trying to figure out why Web-CAT would be taking off for something that worked correctly.,Some of the assignments were very easy while others were incredibly time consuming or incredibly difficult.  It would be nice to have fair warning for when a program is going to take a very long time or a great deal of thinking to get through.  Or perhaps the programs could be evened out in general so that the programming assignments don't spike up and down in regards to dificulty.
s26,2007-04-27 11:52:48,1,4,4,2,2,4,2,2,4,4,4,2,2,4,2,2,2,2,2,2,2,2,2,4,4,2,2,2,2,4,4,2,2,4,4,Web-cat needs to be more specific on what you can do to improve problem coverage,Java API,The actual testing of initial conditions,Nothing,"Web-cat's communication on submissions (what needs to be done to improve submission, etc)","Go over more in lab/class, make them slowly get harder (not one easy, one really hard, then another easy)"
s27,2007-04-27 12:24:16,2,5,5,2,5,4,4,5,4,5,4,4,3,4,2,3,4,4,3,2,4,3,4,3,4,4,2,3,4,4,5,4,5,4,4,"I thought that it was a pain at first, but then it came in handy.  I liked using it because it was a lot faster to find your mistake in your code, but it was hard to grasp the concept at first.",I found that writing your tests was helpful overall.,None.,I found that it was easier to understand what your code was supposed to be doing and how to correct your code if there is a mistake.  I found that overall TDD helped me understand Java.,None.,"Maybe explain how to write your own tests more throughly in the very beginning.  For me, one day it just clicked, but more explaination would be helpful.  Overall, I enjoyed the class."
s28,2007-04-27 14:05:23,3,4,3,3,4,4,5,3,4,4,1,4,3,4,3,4,4,1,4,3,5,4,4,3,3,2,4,3,3,4,3,3,4,5,5,no,none,none,"Allowed me to find bugs in my program, by asserting that certain things worked.","Webcat is too picky in grading our projects, and gives us little vague hints as to what's wrong with them.  While it looks right in the eyes of the beholder, webcat thinks otherwise.",Stop using webcat and have the professors or TA's grade the assignments.
s29,2007-04-27 14:42:18,4,4,4,2,4,4,3,4,2,4,3,4,4,3,4,4,4,4,2,4,4,4,4,3,3,3,2,2,2,4,4,4,4,4,4,"Before this class, I had no experience with writing or testing any programs. I was a little overwhelmed by the large amount of brand new material at first but in the end I'm interested in continuing to study CS. Since I've never programmed before, my attitude towards testing software hasn't really changed, but I've gained an appreciation for the people who do it for a living.",N/A,N/A,"Web-CAT, despite being frustratingly picky about code at certain points in time, helped a lot for me to learn what I was doing wrong with writing code. Often my tests would be testing something other than what I intended them to test and Web-CAT helped me to figure out what I was doing wrong.","Web-CAT's very picky. I don't have any comments I'm sure you haven't heard before, but trying to finish programming assignments with Web-CAT taking away points for minor details is a little frustrating. In the end, though, I think it's beneficial to the students.",I don't have any useful suggestions for improving the assignments or tools used in this course.
s30,2007-04-27 14:42:25,4,4,3,2,3,3,3,3,3,3,3,3,2,2,4,3,4,2,4,4,2,2,3,3,3,3,4,4,4,4,2,2,2,5,5,It's made me realize just how painfully time-consuming programming is when you have to right an entire separate program to test the first one.,,,Being able to submit it multiple times as you write the code to receive feedback before the final submission.,Cryptic and unhelpful error messages. Needless point deductions for aspects of code-writing that are more intricate than a beginning programmer needs to deal with. Figuring out what webcat is looking for.,"With the first program, it seemed like there were a number of aspects that weren't specific enough to understand exactly what web-cat was looking for, especially considering how new we were to webcat and programming. It also seemed like in some later non-objectdraw assignments that most of the program consisted of searching for the correct commands to use and their syntax instead of constructing a real program. It was harder to grasp in those cases and hard to start making headway if you didn't already have examples of how to implement those commands."
s31,2007-04-27 14:45:02,3,4,2,3,5,4,5,2,2,5,3,4,4,2,2,4,5,4,4,4,1,3,4,2,3,2,2,5,5,5,1,1,1,2,2,"Yes, it showed time and time again the importance of *thorough* testing on the boundary values and above and beyond the entry values expected.",,"The automation of the test made coming up with them ridiculous - because of all the ""precision"" required it was far more tedious to do the math to figure out if your test was failing because your test code calculations were wrong, of if your code was simply wrong. It would be far easier to eyeball test all cases, with GUI stuff, that is.",The hints were the saving grace of WebCat. Also helpful was the ability to see the highlighted code that needed to be tested. I think it would be far more annoying if that wasn't pointed out.,"Everyone, including myself complained about how nit-picky it was on white space. But, I realize that enforcing correct white space and documentation is the only way to automatically grade these things.","Have the specs and the test cases finished, loaded, and ready to go before you open submissions and have to change the specifications on us poor students. Most times this means we have to start over.  As far as tools, BlueJ is not a better teaching tool than anything else. The compiler errors seem justs the same as others, and the graphical interface is... more cumbersome and confusing than helpful."
s32,2007-04-27 14:47:09,5,1,1,1,1,5,1,1,5,5,5,5,1,1,5,5,1,3,4,5,4,2,4,2,2,2,5,4,5,5,1,1,2,5,5,"testing has become more of a burden using the test recording and BlueJ software. I've always just written my programs, tested them myself, and fix what was needed.  If I already know how the program should act, it's aLOT easier for me just to click and watch rather than do it the way we've done it in this class.",,,,"web-cat is VERY picky, if a user was to think of an algorithm that the instrucstor didn't account for, then webcat would tell them they're entirely wrong - not fair.","i really didn't like webcat, the testing methods, or the grading methods used for any of the programs in this course."
s33,2007-04-27 19:40:15,4,3,4,2,4,4,3,3,5,4,3,5,2,2,5,3,4,2,1,4,2,2,2,4,4,4,4,4,4,4,1,1,1,1,1,"Testing computer software is something for which there is no single best solution. For a very small portion of software, in my opinion, the type of test-driven development used in this class is appropriate, but for most software, it's just too difficult to test software the way that we use it. In every software-related job I've had (three internships), our testing methodologies were largely oriented towards manual testing, by a human who knows the expected behavior under various circumstances. I still believe that is a far more effective method of testing software, even though I have always believed that a computer should be used for as much automated evaluation as possible. I believe automated testing complements, not supplements, human testing.","I *HATED* testing GUI programs. More specifically, I hated the idea of writing tests to test GUI programs, as opposed to just running the program, and testing the behavior myself. For GUI applications, it is far too easy to forget what you actually want to have happen, and never realize it under an automated approach, because you again forget what you actually want to have happen.","Since I never found any joy in the tools for testing GUI programs, I think my response here would be ""everything.""","It was nice to have a great idea of whether our programs were working correctly right away, even before writing our own tests, as long as we had the 100% problem coverage from Web-CAT.","I really believe the style checking functionality to be very overzealous - I think style is an important part of code, but the degree to which it is emphasized with Web-CAT is a little much, and can be very frustrating when just trying to finish up a project.","I would not do nearly as much GUI projects, especially considering the difficulty in testing them."
s34,2007-05-01 11:54:53,4,4,3,2,3,4,3,3,3,3,3,4,2,4,3,4,4,4,3,4,3,4,3,3,3,4,4,2,4,4,,2,5,5,5,I didn't realize the importance of testing until I took this class.,,,"Web-Cat allows you to continually resubmit in order to get the highest grade you can, I like that.",Web-Cat can deduct points for odd reasons sometimes.,
s35,2007-05-01 12:01:08,5,2,2,2,1,5,2,1,1,5,1,5,1,3,5,5,1,1,1,5,1,1,1,1,1,1,5,5,5,5,1,1,2,4,3,I wish I never HAVE to test computer software this tediously and difficultly (with no source of referencing) ever again.,ROY PATRICK TAN,general testing,Instant feedback,"computer flawed, as in the tiniest things could make a 100 in to a 0.  And it wasn't taught well in the beginning so many did poorly on the first project",get rid of test cases
s36,2007-05-01 12:15:14,5,1,2,1,2,5,2,2,1,5,1,5,1,1,5,5,4,1,5,5,1,1,4,3,4,4,5,5,5,5,1,1,1,2,2,I never want to write a test class again.,NONE,NONE,NONE,NONE,webcat hints should be more specific and helpful.
s37,2007-05-01 12:55:17,2,5,4,3,3,4,4,4,4,4,4,2,3,4,3,3,5,4,5,2,5,4,5,5,5,5,1,1,2,3,4,3,2,5,5,,,,,,
s38,2007-05-01 13:42:09,4,4,4,3,4,4,4,4,2,4,3,1,4,4,3,3,5,5,5,1,4,5,4,4,4,4,2,3,1,2,3,1,4,4,5,I think testing computer software is very helpful now.  It helps finding flaws in your code.,The assertEquals was the most valuable command.,none.,The hints that web-cat provided.,"I think web-cat should provide all of the hints, not just 3.",none.
s39,2007-05-01 14:53:56,5,3,2,1,2,5,2,3,5,4,4,5,1,4,5,5,1,5,2,5,1,3,3,4,4,4,4,5,5,2,4,2,3,4,4,Still think its tedious.,,,,,"Lose Web-Cat, it eliminated the chance for any creative solutions and it is very bad at telling when things are working, because I have had many programs that got bad grades even though they worked perfectly."
s40,2007-05-02 03:39:36,4,2,3,1,3,5,3,3,3,3,3,3,4,4,5,5,5,3,3,3,3,3,3,3,3,3,3,3,3,3,3,3,3,3,3,it has made me understand how hard programming is and exactly how many things can go wrong.,,,"i thought web-cat was an annoying, dirty whore at first because it graded everything so strictly. now i'm much more okay with it.",nothing invalualbe,just make the tests possible and i'll be happy.
s41,2007-05-03 17:56:09,4,4,4,2,4,5,5,3,4,4,3,2,4,4,3,2,4,3,4,3,4,4,4,4,4,4,3,2,3,2,4,4,4,4,4,"In other programming courses, I never had to test my code, this class helped me realize how important it is to debug and test software to make sure it works properly.","BlueJ made testing very easy and understandable, which made the learning process easier.",,They tested the code thoroughly to make sure it met all specifications and requirements.,Web-CAT's hints were a weakness because they often did not help in debugging the program.,Improve the hints on Web-CAT.
