File,Col Name,Type,Meaning,Extended Label,Scale
data.csv,subject,text,subject study code,,
data.csv,timestamp,time,Time the survey response was recorded,,
data.csv,q01,number,,Writing tests for my own code just slows me down.,1 = Strongly Disagree; 2 = Disagree; 3 = Neutral; 4 = Agree; 5= Strongly Agree; blank = no answer
data.csv,q02,number,,Writing tests for my own code helps me find more bugs.,1 = Strongly Disagree; 2 = Disagree; 3 = Neutral; 4 = Agree; 5= Strongly Agree; blank = no answer
data.csv,q03,number,,Using TDD increases my confidence in the correctness of my programs.,1 = Strongly Disagree; 2 = Disagree; 3 = Neutral; 4 = Agree; 5= Strongly Agree; blank = no answer
data.csv,q04,number,,Using TDD helps me complete my programming assignments earlier.,1 = Strongly Disagree; 2 = Disagree; 3 = Neutral; 4 = Agree; 5= Strongly Agree; blank = no answer
data.csv,q05,number,,Using TDD increases my confidence when making changes to my programs.,1 = Strongly Disagree; 2 = Disagree; 3 = Neutral; 4 = Agree; 5= Strongly Agree; blank = no answer
data.csv,q06,number,,TDD increases the amount of time I need to complete programming assignments.,1 = Strongly Disagree; 2 = Disagree; 3 = Neutral; 4 = Agree; 5= Strongly Agree; blank = no answer
data.csv,q07,number,,Using TDD makes me test my own solution more thoroughly.,1 = Strongly Disagree; 2 = Disagree; 3 = Neutral; 4 = Agree; 5= Strongly Agree; blank = no answer
data.csv,q08,number,,Using TDD makes me take a more systematic approach to devising tests.,1 = Strongly Disagree; 2 = Disagree; 3 = Neutral; 4 = Agree; 5= Strongly Agree; blank = no answer
data.csv,q09,number,,"With TDD, I spend more time writing code.",1 = Strongly Disagree; 2 = Disagree; 3 = Neutral; 4 = Agree; 5= Strongly Agree; blank = no answer
data.csv,q10,number,,"With TDD, I spend more time writing tests.",1 = Strongly Disagree; 2 = Disagree; 3 = Neutral; 4 = Agree; 5= Strongly Agree; blank = no answer
data.csv,q11,number,,"With TDD, I spend more time debugging code.",1 = Strongly Disagree; 2 = Disagree; 3 = Neutral; 4 = Agree; 5= Strongly Agree; blank = no answer
data.csv,q12,number,,"With TDD, I spend more time writing tests than I spend writing code.",1 = Strongly Disagree; 2 = Disagree; 3 = Neutral; 4 = Agree; 5= Strongly Agree; blank = no answer
data.csv,q13,number,,In the future I am more likely to use TDD even if it is not required by the assignment.,1 = Strongly Disagree; 2 = Disagree; 3 = Neutral; 4 = Agree; 5= Strongly Agree; blank = no answer
data.csv,q14,number,,"As a result of using TDD in this class, I am now able to write better test cases.",1 = Strongly Disagree; 2 = Disagree; 3 = Neutral; 4 = Agree; 5= Strongly Agree; blank = no answer
data.csv,q15,number,,Using TDD made this class more frustrating.,1 = Strongly Disagree; 2 = Disagree; 3 = Neutral; 4 = Agree; 5= Strongly Agree; blank = no answer
data.csv,q16,number,,Using TDD made this class more difficult.,1 = Strongly Disagree; 2 = Disagree; 3 = Neutral; 4 = Agree; 5= Strongly Agree; blank = no answer
data.csv,q17,number,,"Even if it were not required, I would like to use Web-CAT to test my programs for class before turning them in.",1 = Strongly Disagree; 2 = Disagree; 3 = Neutral; 4 = Agree; 5= Strongly Agree; blank = no answer
data.csv,q18,number,,Writing tests for objectdraw programs is as easy as writing tests for text-only programs.,1 = Strongly Disagree; 2 = Disagree; 3 = Neutral; 4 = Agree; 5= Strongly Agree; blank = no answer
data.csv,q19,number,,"After writing tests for objectdraw programs, writing tests for text-only programs was easier.",1 = Strongly Disagree; 2 = Disagree; 3 = Neutral; 4 = Agree; 5= Strongly Agree; blank = no answer
data.csv,q20,number,,Writing tests for my GUI programs just slows me down.,1 = Strongly Disagree; 2 = Disagree; 3 = Neutral; 4 = Agree; 5= Strongly Agree; blank = no answer
data.csv,q21,number,,Writing tests for my GUI programs helps me find more bugs.,1 = Strongly Disagree; 2 = Disagree; 3 = Neutral; 4 = Agree; 5= Strongly Agree; blank = no answer
data.csv,q22,number,,Writing tests for my GUI programs improved my code coverage scores in Web-CAT.,1 = Strongly Disagree; 2 = Disagree; 3 = Neutral; 4 = Agree; 5= Strongly Agree; blank = no answer
data.csv,q23,number,,"After writing tests for my GUI programs, writing tests with high code coverage for text-only programs was easier.",1 = Strongly Disagree; 2 = Disagree; 3 = Neutral; 4 = Agree; 5= Strongly Agree; blank = no answer
data.csv,q24,number,,The classes we used for writing GUI tests were well-documented.,1 = Strongly Disagree; 2 = Disagree; 3 = Neutral; 4 = Agree; 5= Strongly Agree; blank = no answer
data.csv,q25,number,,The classes we used for writing GUI tests were easy to understand.,1 = Strongly Disagree; 2 = Disagree; 3 = Neutral; 4 = Agree; 5= Strongly Agree; blank = no answer
data.csv,q26,number,,The classes we used for writing GUI tests provided all the features I needed to test the things I wanted.,1 = Strongly Disagree; 2 = Disagree; 3 = Neutral; 4 = Agree; 5= Strongly Agree; blank = no answer
data.csv,q27,number,,Testing GUI programs is too time-consuming.,1 = Strongly Disagree; 2 = Disagree; 3 = Neutral; 4 = Agree; 5= Strongly Agree; blank = no answer
data.csv,q28,number,,Testing GUI programs provides little benefit.,1 = Strongly Disagree; 2 = Disagree; 3 = Neutral; 4 = Agree; 5= Strongly Agree; blank = no answer
data.csv,q29,number,,Testing GUI programs is too tedious with regards to testing specific locations on the canvas and the precision necessary to pass tests.,1 = Strongly Disagree; 2 = Disagree; 3 = Neutral; 4 = Agree; 5= Strongly Agree; blank = no answer
data.csv,q30,number,,"When completing a GUI programming assignment, I spend more time writing tests than writing code.",1 = Strongly Disagree; 2 = Disagree; 3 = Neutral; 4 = Agree; 5= Strongly Agree; blank = no answer
data.csv,q31,number,,The test recording features in BlueJ make testing a GUI programming assignment easier.,1 = Strongly Disagree; 2 = Disagree; 3 = Neutral; 4 = Agree; 5= Strongly Agree; blank = no answer
data.csv,q32,number,,The test recording features in BlueJ make testing a GUI programming assignment faster.,1 = Strongly Disagree; 2 = Disagree; 3 = Neutral; 4 = Agree; 5= Strongly Agree; blank = no answer
data.csv,q33,number,,"Given the choice between writing GUI tests in Java by hand  or recording  them using BlueJ�s object bench, I prefer to record my  test actions using BlueJ.",1 = Strongly Disagree; 2 = Disagree; 3 = Neutral; 4 = Agree; 5= Strongly Agree; blank = no answer
data.csv,q34,number,,Using objectdraw assignments made this course more interesting.,1 = Strongly Disagree; 2 = Disagree; 3 = Neutral; 4 = Agree; 5= Strongly Agree; blank = no answer
data.csv,q35,number,,Using objectdraw in the course assignments made them more fun.,1 = Strongly Disagree; 2 = Disagree; 3 = Neutral; 4 = Agree; 5= Strongly Agree; blank = no answer
data.csv,q36,text,,How has this class affected the way you think about testing computer software?,freeform response
data.csv,q37,text,,"What are the things, if any, you found most useful or valuable about the tools used to test GUI programs in this course?",freeform response
data.csv,q38,text,,"What are the things, if any, you found least useful or valuable about the tools used to test GUI programs in this course?",freeform response
data.csv,q39,text,,"What are the things, if any, you found most useful or valuable about using TDD or Web-CAT?",freeform response
data.csv,q40,text,,"What are the things, if any, you found least useful or valuable about using TDD or Web-CAT?",freeform response
data.csv,q41,text,,Have you any suggestions for improving the programming assignments or software testing tools used in this course?,freeform response
